<?xml version="1.0" encoding="UTF-8"?>
<resourceDescriptor critical="false" 
	date="2014-10-19" 
	description="DocGen and common profiles" 
	id="91110" 
	mdVersionMax="higher" 
	mdVersionMin="17.0.5" 
	name="Model Development Kit" 
	product="JPL Model Development Kit" 
	type="Plugin">
  <version human="17.0.5" resource="205" internal="205"/>
  <provider name="NASA / Jet Propulsion Laboratory / Caltech"/>
  <edition>Standard</edition>
  <edition>Enterprise</edition>
  <edition>Architect</edition>
  <edition>Professional Java</edition>
  <edition>Professional C++</edition>
  <edition>Professional C#</edition>
  <edition>Professional ArcStyler</edition>
  <edition>Professional EFFS ArcStyler</edition>
  <edition>OptimalJ</edition>
  <edition>Reader</edition>
  <installation>

	<file from="data/defaults/data/diagrams/DocGen 3 Diagram/descriptor.xml" to="data/defaults/data/diagrams/DocGen 3 Diagram/descriptor.xml"/>
	<file from="data/defaults/data/diagrams/DocGen 3 View Diagram/descriptor.xml" to="data/defaults/data/diagrams/DocGen 3 View Diagram/descriptor.xml"/>
	<file from="data/defaults/data/diagrams/Module Management/descriptor.xml" to="data/defaults/data/diagrams/Module Management/descriptor.xml"/>
	<file from="data/defaults/data/diagrams/View Class Diagram/descriptor.xml" to="data/defaults/data/diagrams/View Class Diagram/descriptor.xml"/>
	<file from="data/defaults/data/diagrams/View Diagram/descriptor.xml" to="data/defaults/data/diagrams/View Diagram/descriptor.xml"/>
	<file from="data/defaults/data/diagrams/Viewpoint Method Diagram/descriptor.xml" to="data/defaults/data/diagrams/Viewpoint Method Diagram/descriptor.xml"/>
	<file from="data/resourcemanager/MDR_Plugin_Docgen_91110_descriptor.xml" to="data/resourcemanager/MDR_Plugin_Docgen_91110_descriptor.xml"/>
	<file from="DocGenUserScripts/common/CustomDependencyValidation.py" to="DocGenUserScripts/common/CustomDependencyValidation.py"/>
	<file from="DocGenUserScripts/common/DocGenAutoOrganize.py" to="DocGenUserScripts/common/DocGenAutoOrganize.py"/>
	<file from="DocGenUserScripts/common/GetConnectorList.py" to="DocGenUserScripts/common/GetConnectorList.py"/>
	<file from="DocGenUserScripts/common/GetInterfaceList.py" to="DocGenUserScripts/common/GetInterfaceList.py"/>
	<file from="DocGenUserScripts/DocGenStyleSheet/DOCGEN.xml" to="DocGenUserScripts/DocGenStyleSheet/DOCGEN.xml"/>
	<file from="DocGenUserScripts/FrameworkImplValidation/__init__.py" to="DocGenUserScripts/FrameworkImplValidation/__init__.py"/>
	<file from="DocGenUserScripts/FrameworkImplValidation/ArchitectureEvaluation.py" to="DocGenUserScripts/FrameworkImplValidation/ArchitectureEvaluation.py"/>
	<file from="DocGenUserScripts/FrameworkImplValidation/FixPackage.py" to="DocGenUserScripts/FrameworkImplValidation/FixPackage.py"/>
	<file from="DocGenUserScripts/FrameworkImplValidation/FixTimeline.py" to="DocGenUserScripts/FrameworkImplValidation/FixTimeline.py"/>
	<file from="DocGenUserScripts/FrameworkImplValidation/FrameworkImplValidationFixPackage.py" to="DocGenUserScripts/FrameworkImplValidation/FrameworkImplValidationFixPackage.py"/>
	<file from="DocGenUserScripts/FrameworkImplValidation/OrphanFinal.py" to="DocGenUserScripts/FrameworkImplValidation/OrphanFinal.py"/>
	<file from="DocGenUserScripts/FrameworkImplValidation/OrphanFixer.py" to="DocGenUserScripts/FrameworkImplValidation/OrphanFixer.py"/>
	<file from="DocGenUserScripts/FrameworkImplValidation/PackageClone.py" to="DocGenUserScripts/FrameworkImplValidation/PackageClone.py"/>
	<file from="DocGenUserScripts/FrameworkImplValidation/RunPackageClone.py" to="DocGenUserScripts/FrameworkImplValidation/RunPackageClone.py"/>
	<file from="DocGenUserScripts/FrameworkImplValidation/ValidateFlowPorts.py" to="DocGenUserScripts/FrameworkImplValidation/ValidateFlowPorts.py"/>
	<file from="DocGenUserScripts/FrameworkImplValidation/ValidatePackage.py" to="DocGenUserScripts/FrameworkImplValidation/ValidatePackage.py"/>
	<file from="DocGenUserScripts/FrameworkImplValidation/ValidateTimeline.py" to="DocGenUserScripts/FrameworkImplValidation/ValidateTimeline.py"/>
	<file from="DocGenUserScripts/FrameworkValidation/__init__.py" to="DocGenUserScripts/FrameworkValidation/__init__.py"/>
	<file from="DocGenUserScripts/FrameworkValidation/CreateCustomizationsForStereotypes.py" to="DocGenUserScripts/FrameworkValidation/CreateCustomizationsForStereotypes.py"/>
	<file from="DocGenUserScripts/FrameworkValidation/DeprecateStereotypes.py" to="DocGenUserScripts/FrameworkValidation/DeprecateStereotypes.py"/>
	<file from="DocGenUserScripts/FrameworkValidation/Profile.py" to="DocGenUserScripts/FrameworkValidation/Profile.py"/>
	<file from="DocGenUserScripts/FrameworkValidation/ProfileUpdate.py" to="DocGenUserScripts/FrameworkValidation/ProfileUpdate.py"/>
	<file from="DocGenUserScripts/FrameworkValidation/ProfileValidation.py" to="DocGenUserScripts/FrameworkValidation/ProfileValidation.py"/>
	<file from="DocGenUserScripts/MDUtils/__init__.py" to="DocGenUserScripts/MDUtils/__init__.py"/>
	<file from="DocGenUserScripts/MDUtils/_MDUtils.py" to="DocGenUserScripts/MDUtils/_MDUtils.py"/>
	<file from="DocGenUserScripts/Sanitizer/__init__.py" to="DocGenUserScripts/Sanitizer/__init__.py"/>
	<file from="DocGenUserScripts/Sanitizer/Clean.py" to="DocGenUserScripts/Sanitizer/Clean.py"/>
	<file from="DocGenUserScripts/simplejson/__init__.py" to="DocGenUserScripts/simplejson/__init__.py"/>
	<file from="DocGenUserScripts/simplejson/compat.py" to="DocGenUserScripts/simplejson/compat.py"/>
	<file from="DocGenUserScripts/simplejson/decoder.py" to="DocGenUserScripts/simplejson/decoder.py"/>
	<file from="DocGenUserScripts/simplejson/encoder.py" to="DocGenUserScripts/simplejson/encoder.py"/>
	<file from="DocGenUserScripts/simplejson/ordered_dict.py" to="DocGenUserScripts/simplejson/ordered_dict.py"/>
	<file from="DocGenUserScripts/simplejson/scanner.py" to="DocGenUserScripts/simplejson/scanner.py"/>
	<file from="DocGenUserScripts/simplejson/tool.py" to="DocGenUserScripts/simplejson/tool.py"/>
	<file from="DocGenUserScripts/SystemsReasoner/__init__.py" to="DocGenUserScripts/SystemsReasoner/__init__.py"/>
	<file from="DocGenUserScripts/SystemsReasoner/BST.py" to="DocGenUserScripts/SystemsReasoner/BST.py"/>
	<file from="DocGenUserScripts/SystemsReasoner/DeSpecialize.py" to="DocGenUserScripts/SystemsReasoner/DeSpecialize.py"/>
	<file from="DocGenUserScripts/SystemsReasoner/Specialize.py" to="DocGenUserScripts/SystemsReasoner/Specialize.py"/>
	<file from="DocGenUserScripts/SystemsReasoner/SRUtils.py" to="DocGenUserScripts/SystemsReasoner/SRUtils.py"/>
	<file from="DocGenUserScripts/SystemsReasoner/Validate_Profile.py" to="DocGenUserScripts/SystemsReasoner/Validate_Profile.py"/>
	<file from="DocGenUserScripts/SystemsReasoner/ValidateStructure.py" to="DocGenUserScripts/SystemsReasoner/ValidateStructure.py"/>
	<file from="DocGenUserScripts/Test/allentest.py" to="DocGenUserScripts/Test/allentest.py"/>
	<file from="DocGenUserScripts/Test/CF.py" to="DocGenUserScripts/Test/CF.py"/>
	<file from="DocGenUserScripts/Test/DocGenTest.py" to="DocGenUserScripts/Test/DocGenTest.py"/>
	<file from="DocGenUserScripts/Test/DocGenTest2.groovy" to="DocGenUserScripts/Test/DocGenTest2.groovy"/>
	<file from="DocGenUserScripts/Test/MakeParagraph.py" to="DocGenUserScripts/Test/MakeParagraph.py"/>
	<file from="DocGenUserScripts/Test/messaging.py" to="DocGenUserScripts/Test/messaging.py"/>
	<file from="DocGenUserScripts/Test/qvttest.qvto" to="DocGenUserScripts/Test/qvttest.qvto"/>
	<file from="DocGenUserScripts/Test/qvttest.qvtox" to="DocGenUserScripts/Test/qvttest.qvtox"/>
	<file from="DocGenUserScripts/Test/qvtvalidationtest.qvto" to="DocGenUserScripts/Test/qvtvalidationtest.qvto"/>
	<file from="DocGenUserScripts/Test/qvtvalidationtest.qvtox" to="DocGenUserScripts/Test/qvtvalidationtest.qvtox"/>
	<file from="DocGenUserScripts/Test/TestTable.py" to="DocGenUserScripts/Test/TestTable.py"/>
	<file from="DocGenUserScripts/Test/TestTable2.py" to="DocGenUserScripts/Test/TestTable2.py"/>
	<file from="DocGenUserScripts/Test/TestTable3.py" to="DocGenUserScripts/Test/TestTable3.py"/>
	<file from="DocGenUserScripts/Test/ValidationTest.py" to="DocGenUserScripts/Test/ValidationTest.py"/>
	<file from="plugins/com.nomagic.magicdraw.jpython/scripts/SystemsReasoner/AnalyzeProduct.py" to="plugins/com.nomagic.magicdraw.jpython/scripts/SystemsReasoner/AnalyzeProduct.py"/>
	<file from="plugins/com.nomagic.magicdraw.jpython/scripts/SystemsReasoner/Clean.py" to="plugins/com.nomagic.magicdraw.jpython/scripts/SystemsReasoner/Clean.py"/>
	<file from="plugins/com.nomagic.magicdraw.jpython/scripts/SystemsReasoner/configuration.py" to="plugins/com.nomagic.magicdraw.jpython/scripts/SystemsReasoner/configuration.py"/>
	<file from="plugins/com.nomagic.magicdraw.jpython/scripts/SystemsReasoner/Create_Instances.py" to="plugins/com.nomagic.magicdraw.jpython/scripts/SystemsReasoner/Create_Instances.py"/>
	<file from="plugins/com.nomagic.magicdraw.jpython/scripts/SystemsReasoner/CreateFlowPorts.py" to="plugins/com.nomagic.magicdraw.jpython/scripts/SystemsReasoner/CreateFlowPorts.py"/>
	<file from="plugins/com.nomagic.magicdraw.jpython/scripts/SystemsReasoner/DeSpecialize.py" to="plugins/com.nomagic.magicdraw.jpython/scripts/SystemsReasoner/DeSpecialize.py"/>
	<file from="plugins/com.nomagic.magicdraw.jpython/scripts/SystemsReasoner/Detect_Compositional_Cycles.py" to="plugins/com.nomagic.magicdraw.jpython/scripts/SystemsReasoner/Detect_Compositional_Cycles.py"/>
	<file from="plugins/com.nomagic.magicdraw.jpython/scripts/SystemsReasoner/EHMChangeToPort.py" to="plugins/com.nomagic.magicdraw.jpython/scripts/SystemsReasoner/EHMChangeToPort.py"/>
	<file from="plugins/com.nomagic.magicdraw.jpython/scripts/SystemsReasoner/EHMMovePart.py" to="plugins/com.nomagic.magicdraw.jpython/scripts/SystemsReasoner/EHMMovePart.py"/>
	<file from="plugins/com.nomagic.magicdraw.jpython/scripts/SystemsReasoner/EHMSupplies.py" to="plugins/com.nomagic.magicdraw.jpython/scripts/SystemsReasoner/EHMSupplies.py"/>
	<file from="plugins/com.nomagic.magicdraw.jpython/scripts/SystemsReasoner/Graph.py" to="plugins/com.nomagic.magicdraw.jpython/scripts/SystemsReasoner/Graph.py"/>
	<file from="plugins/com.nomagic.magicdraw.jpython/scripts/SystemsReasoner/Make_Copy.py" to="plugins/com.nomagic.magicdraw.jpython/scripts/SystemsReasoner/Make_Copy.py"/>
	<file from="plugins/com.nomagic.magicdraw.jpython/scripts/SystemsReasoner/NameParts.py" to="plugins/com.nomagic.magicdraw.jpython/scripts/SystemsReasoner/NameParts.py"/>
	<file from="plugins/com.nomagic.magicdraw.jpython/scripts/SystemsReasoner/OrphanFinal.py" to="plugins/com.nomagic.magicdraw.jpython/scripts/SystemsReasoner/OrphanFinal.py"/>
	<file from="plugins/com.nomagic.magicdraw.jpython/scripts/SystemsReasoner/OrphanFixer.py" to="plugins/com.nomagic.magicdraw.jpython/scripts/SystemsReasoner/OrphanFixer.py"/>
	<file from="plugins/com.nomagic.magicdraw.jpython/scripts/SystemsReasoner/Package_Clone.py" to="plugins/com.nomagic.magicdraw.jpython/scripts/SystemsReasoner/Package_Clone.py"/>
	<file from="plugins/com.nomagic.magicdraw.jpython/scripts/SystemsReasoner/script.xml" to="plugins/com.nomagic.magicdraw.jpython/scripts/SystemsReasoner/script.xml"/>
	<file from="plugins/com.nomagic.magicdraw.jpython/scripts/SystemsReasoner/Specialize.py" to="plugins/com.nomagic.magicdraw.jpython/scripts/SystemsReasoner/Specialize.py"/>
	<file from="plugins/com.nomagic.magicdraw.jpython/scripts/SystemsReasoner/Specialize_Many.py" to="plugins/com.nomagic.magicdraw.jpython/scripts/SystemsReasoner/Specialize_Many.py"/>
	<file from="plugins/com.nomagic.magicdraw.jpython/scripts/SystemsReasoner/SRUtils.py" to="plugins/com.nomagic.magicdraw.jpython/scripts/SystemsReasoner/SRUtils.py"/>
	<file from="plugins/com.nomagic.magicdraw.jpython/scripts/SystemsReasoner/Sync_Slot_Values.py" to="plugins/com.nomagic.magicdraw.jpython/scripts/SystemsReasoner/Sync_Slot_Values.py"/>
	<file from="plugins/com.nomagic.magicdraw.jpython/scripts/SystemsReasoner/Validate_Profile.py" to="plugins/com.nomagic.magicdraw.jpython/scripts/SystemsReasoner/Validate_Profile.py"/>
	<file from="plugins/com.nomagic.magicdraw.jpython/scripts/SystemsReasoner/Validate_Structure.py" to="plugins/com.nomagic.magicdraw.jpython/scripts/SystemsReasoner/Validate_Structure.py"/>
	<file from="plugins/com.nomagic.magicdraw.jpython/scripts/SystemsReasoner/MDUtils/__init__.py" to="plugins/com.nomagic.magicdraw.jpython/scripts/SystemsReasoner/MDUtils/__init__.py"/>
	<file from="plugins/com.nomagic.magicdraw.jpython/scripts/SystemsReasoner/MDUtils/_MDUtils.py" to="plugins/com.nomagic.magicdraw.jpython/scripts/SystemsReasoner/MDUtils/_MDUtils.py"/>
	<file from="plugins/com.nomagic.magicdraw.jpython/scripts/SystemsReasoner/refactor/Fix_Package.py" to="plugins/com.nomagic.magicdraw.jpython/scripts/SystemsReasoner/refactor/Fix_Package.py"/>
	<file from="plugins/com.nomagic.magicdraw.jpython/scripts/SystemsReasoner/refactor/Fix_Timeline.py" to="plugins/com.nomagic.magicdraw.jpython/scripts/SystemsReasoner/refactor/Fix_Timeline.py"/>
	<file from="plugins/com.nomagic.magicdraw.jpython/scripts/SystemsReasoner/refactor/FixOpsrevPackage.py" to="plugins/com.nomagic.magicdraw.jpython/scripts/SystemsReasoner/refactor/FixOpsrevPackage.py"/>
	<file from="plugins/com.nomagic.magicdraw.jpython/scripts/SystemsReasoner/refactor/ValidatePackage.py" to="plugins/com.nomagic.magicdraw.jpython/scripts/SystemsReasoner/refactor/ValidatePackage.py"/>
	<file from="plugins/com.nomagic.magicdraw.jpython/scripts/SystemsReasoner/refactor/ValidateTimeline.py" to="plugins/com.nomagic.magicdraw.jpython/scripts/SystemsReasoner/refactor/ValidateTimeline.py"/>
	<file from="plugins/gov.nasa.jpl.mbee.docgen/DocGen-plugin.jar" to="plugins/gov.nasa.jpl.mbee.docgen/DocGen-plugin.jar"/>
	<file from="plugins/gov.nasa.jpl.mbee.docgen/plugin.xml" to="plugins/gov.nasa.jpl.mbee.docgen/plugin.xml"/>
	<file from="plugins/gov.nasa.jpl.mbee.docgen/lib/commons-lang-2.6.jar" to="plugins/gov.nasa.jpl.mbee.docgen/lib/commons-lang-2.6.jar"/>
	<file from="plugins/gov.nasa.jpl.mbee.docgen/lib/ecj-3.7.2.jar" to="plugins/gov.nasa.jpl.mbee.docgen/lib/ecj-3.7.2.jar"/>
	<file from="plugins/gov.nasa.jpl.mbee.docgen/lib/jgrapht-0.8.3-jdk1.6.jar" to="plugins/gov.nasa.jpl.mbee.docgen/lib/jgrapht-0.8.3-jdk1.6.jar"/>
	<file from="plugins/gov.nasa.jpl.mbee.docgen/lib/json_simple-1.1.jar" to="plugins/gov.nasa.jpl.mbee.docgen/lib/json_simple-1.1.jar"/>
	<file from="plugins/gov.nasa.jpl.mbee.docgen/lib/jsoup-1.6.1.jar" to="plugins/gov.nasa.jpl.mbee.docgen/lib/jsoup-1.6.1.jar"/>
	<file from="plugins/gov.nasa.jpl.mbee.docgen/lib/opencsv-2.3.jar" to="plugins/gov.nasa.jpl.mbee.docgen/lib/opencsv-2.3.jar"/>
	<file from="plugins/gov.nasa.jpl.mbee.docgen/lib/slf4j-api-1.7.2.jar" to="plugins/gov.nasa.jpl.mbee.docgen/lib/slf4j-api-1.7.2.jar"/>
	<file from="plugins/gov.nasa.jpl.mbee.docgen/lib/slf4j-log4j12-1.7.2.jar" to="plugins/gov.nasa.jpl.mbee.docgen/lib/slf4j-log4j12-1.7.2.jar"/>
	<file from="plugins/gov.nasa.jpl.mbee.docgen/lib/swingx-all-1.6.4-sources.jar" to="plugins/gov.nasa.jpl.mbee.docgen/lib/swingx-all-1.6.4-sources.jar"/>
	<file from="plugins/gov.nasa.jpl.mbee.docgen/lib/swingx-all-1.6.4.jar" to="plugins/gov.nasa.jpl.mbee.docgen/lib/swingx-all-1.6.4.jar"/>
	<file from="plugins/gov.nasa.jpl.mbee.docgen/lib/swingx-beaninfo-1.6.4-sources.jar" to="plugins/gov.nasa.jpl.mbee.docgen/lib/swingx-beaninfo-1.6.4-sources.jar"/>
	<file from="plugins/gov.nasa.jpl.mbee.docgen/lib/swingx-beaninfo-1.6.4.jar" to="plugins/gov.nasa.jpl.mbee.docgen/lib/swingx-beaninfo-1.6.4.jar"/>
	<file from="plugins/gov.nasa.jpl.mbee.docgen/lib/tomcat-embed-core-7.0.16.jar" to="plugins/gov.nasa.jpl.mbee.docgen/lib/tomcat-embed-core-7.0.16.jar"/>
	<file from="plugins/gov.nasa.jpl.mbee.docgen/lib/tomcat-embed-jasper.jar" to="plugins/gov.nasa.jpl.mbee.docgen/lib/tomcat-embed-jasper.jar"/>
	<file from="plugins/gov.nasa.jpl.mbee.docgen/lib/tomcat-embed-logging-juli-7.0.37.jar" to="plugins/gov.nasa.jpl.mbee.docgen/lib/tomcat-embed-logging-juli-7.0.37.jar"/>
	<file from="profiles/MDK/SysML Extensions.mdxml" to="profiles/MDK/SysML Extensions.mdxml"/>

  </installation>
</resourceDescriptor>
