<?xml version="1.0" encoding="UTF-8"?>
<resourceDescriptor critical="false" 
	date="2014-07-24" 
	description="DocGen and common profiles" 
	id="91110" 
	mdVersionMax="higher" 
	mdVersionMin="17.0.2" 
	name="Model Development Kit" 
	product="JPL Model Development Kit" 
	type="Plugin">
  <version human="17.0.5" resource="184" internal="184"/>
  <provider name="NASA / Jet Propulsion Laboratory / Caltech"/>
  <edition>Standard</edition>
  <edition>Enterprise</edition>
  <edition>Architect</edition>
  <edition>Professional Java</edition>
  <edition>Professional C++</edition>
  <edition>Professional C#</edition>
  <edition>Professional ArcStyler</edition>
  <edition>Professional EFFS ArcStyler</edition>
  <edition>OptimalJ</edition>
  <edition>Reader</edition>
  <installation>

	<file from="data/defaults/data/diagrams/DocGen 3 Diagram/descriptor.xml" to="data/defaults/data/diagrams/DocGen 3 Diagram/descriptor.xml"/>
	<file from="data/defaults/data/diagrams/DocGen 3 View Diagram/descriptor.xml" to="data/defaults/data/diagrams/DocGen 3 View Diagram/descriptor.xml"/>
	<file from="data/defaults/data/diagrams/Module Management/descriptor.xml" to="data/defaults/data/diagrams/Module Management/descriptor.xml"/>
	<file from="data/defaults/data/diagrams/View Class Diagram/descriptor.xml" to="data/defaults/data/diagrams/View Class Diagram/descriptor.xml"/>
	<file from="data/defaults/data/diagrams/View Diagram/descriptor.xml" to="data/defaults/data/diagrams/View Diagram/descriptor.xml"/>
	<file from="data/defaults/data/diagrams/Viewpoint Method Diagram/descriptor.xml" to="data/defaults/data/diagrams/Viewpoint Method Diagram/descriptor.xml"/>
	<file from="data/resourcemanager/MDR_Plugin_Docgen_91110_descriptor.xml" to="data/resourcemanager/MDR_Plugin_Docgen_91110_descriptor.xml"/>
	<file from="DocGenUserScripts/common/CustomDependencyValidation.py" to="DocGenUserScripts/common/CustomDependencyValidation.py"/>
	<file from="DocGenUserScripts/common/DocGenAutoOrganize.py" to="DocGenUserScripts/common/DocGenAutoOrganize.py"/>
	<file from="DocGenUserScripts/common/GetConnectorList.py" to="DocGenUserScripts/common/GetConnectorList.py"/>
	<file from="DocGenUserScripts/common/GetInterfaceList.py" to="DocGenUserScripts/common/GetInterfaceList.py"/>
	<file from="DocGenUserScripts/DocGenStyleSheet/DOCGEN.xml" to="DocGenUserScripts/DocGenStyleSheet/DOCGEN.xml"/>
	<file from="DocGenUserScripts/EHM/__init__.py" to="DocGenUserScripts/EHM/__init__.py"/>
	<file from="DocGenUserScripts/EHM/CollectAuthorizingWP.py" to="DocGenUserScripts/EHM/CollectAuthorizingWP.py"/>
	<file from="DocGenUserScripts/EHM/CorruptedElementAnalysis.py" to="DocGenUserScripts/EHM/CorruptedElementAnalysis.py"/>
	<file from="DocGenUserScripts/EHM/EHMSupplies.py" to="DocGenUserScripts/EHM/EHMSupplies.py"/>
	<file from="DocGenUserScripts/EHM/GenericCharacterization.py" to="DocGenUserScripts/EHM/GenericCharacterization.py"/>
	<file from="DocGenUserScripts/EHM/PELModes.py" to="DocGenUserScripts/EHM/PELModes.py"/>
	<file from="DocGenUserScripts/EHM/PELModesDetail.py" to="DocGenUserScripts/EHM/PELModesDetail.py"/>
	<file from="DocGenUserScripts/EHM/PELModesWithCreation.py" to="DocGenUserScripts/EHM/PELModesWithCreation.py"/>
	<file from="DocGenUserScripts/EHM/PELRollup.py" to="DocGenUserScripts/EHM/PELRollup.py"/>
	<file from="DocGenUserScripts/EHM/PELTable.py" to="DocGenUserScripts/EHM/PELTable.py"/>
	<file from="DocGenUserScripts/EHM/PELTableCsv.py" to="DocGenUserScripts/EHM/PELTableCsv.py"/>
	<file from="DocGenUserScripts/EHM/PELUtils.py" to="DocGenUserScripts/EHM/PELUtils.py"/>
	<file from="DocGenUserScripts/EHM/PowerLoadCharacterization.py" to="DocGenUserScripts/EHM/PowerLoadCharacterization.py"/>
	<file from="DocGenUserScripts/EHM/PowerScenarioCsv.py" to="DocGenUserScripts/EHM/PowerScenarioCsv.py"/>
	<file from="DocGenUserScripts/EHM/PowerStateBuilder.py" to="DocGenUserScripts/EHM/PowerStateBuilder.py"/>
	<file from="DocGenUserScripts/EHM/productDeploymentTable.py" to="DocGenUserScripts/EHM/productDeploymentTable.py"/>
	<file from="DocGenUserScripts/EHM/SequenceTimelineUtils.py" to="DocGenUserScripts/EHM/SequenceTimelineUtils.py"/>
	<file from="DocGenUserScripts/EHM/Supplies.py" to="DocGenUserScripts/EHM/Supplies.py"/>
	<file from="DocGenUserScripts/EHM/ThermalAnalysis.py" to="DocGenUserScripts/EHM/ThermalAnalysis.py"/>
	<file from="DocGenUserScripts/EHM/ThermalPELTable.py" to="DocGenUserScripts/EHM/ThermalPELTable.py"/>
	<file from="DocGenUserScripts/EHM/ThermalTable.py" to="DocGenUserScripts/EHM/ThermalTable.py"/>
	<file from="DocGenUserScripts/EHM/ThermalUtils.py" to="DocGenUserScripts/EHM/ThermalUtils.py"/>
	<file from="DocGenUserScripts/EuropaQVT/source/ConceptAudits/PackageConceptExplanations.qvto" to="DocGenUserScripts/EuropaQVT/source/ConceptAudits/PackageConceptExplanations.qvto"/>
	<file from="DocGenUserScripts/EuropaQVT/source/ConceptAudits/PackageConceptExplanations.qvtox" to="DocGenUserScripts/EuropaQVT/source/ConceptAudits/PackageConceptExplanations.qvtox"/>
	<file from="DocGenUserScripts/EuropaQVT/source/ConceptAudits/TextAuditSummary.qvto" to="DocGenUserScripts/EuropaQVT/source/ConceptAudits/TextAuditSummary.qvto"/>
	<file from="DocGenUserScripts/EuropaQVT/source/ConceptAudits/TextAuditSummary.qvtox" to="DocGenUserScripts/EuropaQVT/source/ConceptAudits/TextAuditSummary.qvtox"/>
	<file from="DocGenUserScripts/EuropaQVT/source/ConceptToRequirements/FunctionalExistenceRequirementsText.qvto" to="DocGenUserScripts/EuropaQVT/source/ConceptToRequirements/FunctionalExistenceRequirementsText.qvto"/>
	<file from="DocGenUserScripts/EuropaQVT/source/ConceptToRequirements/FunctionalExistenceRequirementsText.qvtox" to="DocGenUserScripts/EuropaQVT/source/ConceptToRequirements/FunctionalExistenceRequirementsText.qvtox"/>
	<file from="DocGenUserScripts/EuropaQVT/source/ConceptToRequirements/RequirementsCluster.qvto" to="DocGenUserScripts/EuropaQVT/source/ConceptToRequirements/RequirementsCluster.qvto"/>
	<file from="DocGenUserScripts/EuropaQVT/source/ConceptToRequirements/RequirementsCluster.qvtox" to="DocGenUserScripts/EuropaQVT/source/ConceptToRequirements/RequirementsCluster.qvtox"/>
	<file from="DocGenUserScripts/EuropaQVT/source/FactoryTest/BuildMainClasses.qvto" to="DocGenUserScripts/EuropaQVT/source/FactoryTest/BuildMainClasses.qvto"/>
	<file from="DocGenUserScripts/EuropaQVT/source/FactoryTest/BuildMainClasses.qvtox" to="DocGenUserScripts/EuropaQVT/source/FactoryTest/BuildMainClasses.qvtox"/>
	<file from="DocGenUserScripts/EuropaQVT/source/FactoryTest/BuildMainProperties.qvto" to="DocGenUserScripts/EuropaQVT/source/FactoryTest/BuildMainProperties.qvto"/>
	<file from="DocGenUserScripts/EuropaQVT/source/FactoryTest/BuildMainProperties.qvtox" to="DocGenUserScripts/EuropaQVT/source/FactoryTest/BuildMainProperties.qvtox"/>
	<file from="DocGenUserScripts/EuropaQVT/source/lib/ConnectedComponentLibrary.qvto" to="DocGenUserScripts/EuropaQVT/source/lib/ConnectedComponentLibrary.qvto"/>
	<file from="DocGenUserScripts/EuropaQVT/source/lib/ConnectedComponentLibrary.qvtox" to="DocGenUserScripts/EuropaQVT/source/lib/ConnectedComponentLibrary.qvtox"/>
	<file from="DocGenUserScripts/EuropaQVT/source/lib/CoreLibMD.qvto" to="DocGenUserScripts/EuropaQVT/source/lib/CoreLibMD.qvto"/>
	<file from="DocGenUserScripts/EuropaQVT/source/lib/CoreLibMD.qvtox" to="DocGenUserScripts/EuropaQVT/source/lib/CoreLibMD.qvtox"/>
	<file from="DocGenUserScripts/EuropaQVT/source/lib/DefaultValueAndSlotsLibrary.qvto" to="DocGenUserScripts/EuropaQVT/source/lib/DefaultValueAndSlotsLibrary.qvto"/>
	<file from="DocGenUserScripts/EuropaQVT/source/lib/DefaultValueAndSlotsLibrary.qvtox" to="DocGenUserScripts/EuropaQVT/source/lib/DefaultValueAndSlotsLibrary.qvtox"/>
	<file from="DocGenUserScripts/EuropaQVT/source/lib/DirectedAssociationLib.qvto" to="DocGenUserScripts/EuropaQVT/source/lib/DirectedAssociationLib.qvto"/>
	<file from="DocGenUserScripts/EuropaQVT/source/lib/DirectedAssociationLib.qvtox" to="DocGenUserScripts/EuropaQVT/source/lib/DirectedAssociationLib.qvtox"/>
	<file from="DocGenUserScripts/EuropaQVT/source/lib/EHMLib.qvto" to="DocGenUserScripts/EuropaQVT/source/lib/EHMLib.qvto"/>
	<file from="DocGenUserScripts/EuropaQVT/source/lib/EHMLib.qvtox" to="DocGenUserScripts/EuropaQVT/source/lib/EHMLib.qvtox"/>
	<file from="DocGenUserScripts/EuropaQVT/source/lib/EHMStereotypesHelper.qvto" to="DocGenUserScripts/EuropaQVT/source/lib/EHMStereotypesHelper.qvto"/>
	<file from="DocGenUserScripts/EuropaQVT/source/lib/EHMStereotypesHelper.qvtox" to="DocGenUserScripts/EuropaQVT/source/lib/EHMStereotypesHelper.qvtox"/>
	<file from="DocGenUserScripts/EuropaQVT/source/lib/GraphLib.qvto" to="DocGenUserScripts/EuropaQVT/source/lib/GraphLib.qvto"/>
	<file from="DocGenUserScripts/EuropaQVT/source/lib/GraphLib.qvtox" to="DocGenUserScripts/EuropaQVT/source/lib/GraphLib.qvtox"/>
	<file from="DocGenUserScripts/EuropaQVT/source/lib/IMCEStereotypesHelper.qvto" to="DocGenUserScripts/EuropaQVT/source/lib/IMCEStereotypesHelper.qvto"/>
	<file from="DocGenUserScripts/EuropaQVT/source/lib/IMCEStereotypesHelper.qvtox" to="DocGenUserScripts/EuropaQVT/source/lib/IMCEStereotypesHelper.qvtox"/>
	<file from="DocGenUserScripts/EuropaQVT/source/lib/lib_relationships.qvto" to="DocGenUserScripts/EuropaQVT/source/lib/lib_relationships.qvto"/>
	<file from="DocGenUserScripts/EuropaQVT/source/lib/lib_relationships.qvtox" to="DocGenUserScripts/EuropaQVT/source/lib/lib_relationships.qvtox"/>
	<file from="DocGenUserScripts/EuropaQVT/source/lib/lib_requirements.qvto" to="DocGenUserScripts/EuropaQVT/source/lib/lib_requirements.qvto"/>
	<file from="DocGenUserScripts/EuropaQVT/source/lib/lib_requirements.qvtox" to="DocGenUserScripts/EuropaQVT/source/lib/lib_requirements.qvtox"/>
	<file from="DocGenUserScripts/EuropaQVT/source/lib/lib_stereotypes.qvto" to="DocGenUserScripts/EuropaQVT/source/lib/lib_stereotypes.qvto"/>
	<file from="DocGenUserScripts/EuropaQVT/source/lib/lib_stereotypes.qvtox" to="DocGenUserScripts/EuropaQVT/source/lib/lib_stereotypes.qvtox"/>
	<file from="DocGenUserScripts/EuropaQVT/source/lib/LiteralSpecificationLibrary.qvto" to="DocGenUserScripts/EuropaQVT/source/lib/LiteralSpecificationLibrary.qvto"/>
	<file from="DocGenUserScripts/EuropaQVT/source/lib/LiteralSpecificationLibrary.qvtox" to="DocGenUserScripts/EuropaQVT/source/lib/LiteralSpecificationLibrary.qvtox"/>
	<file from="DocGenUserScripts/EuropaQVT/source/lib/ProfileLib.qvto" to="DocGenUserScripts/EuropaQVT/source/lib/ProfileLib.qvto"/>
	<file from="DocGenUserScripts/EuropaQVT/source/lib/ProfileLib.qvtox" to="DocGenUserScripts/EuropaQVT/source/lib/ProfileLib.qvtox"/>
	<file from="DocGenUserScripts/EuropaQVT/source/lib/ProfileLibrary.qvto" to="DocGenUserScripts/EuropaQVT/source/lib/ProfileLibrary.qvto"/>
	<file from="DocGenUserScripts/EuropaQVT/source/lib/ProfileLibrary.qvtox" to="DocGenUserScripts/EuropaQVT/source/lib/ProfileLibrary.qvtox"/>
	<file from="DocGenUserScripts/EuropaQVT/source/lib/PureBFSDFSLibrary.qvto" to="DocGenUserScripts/EuropaQVT/source/lib/PureBFSDFSLibrary.qvto"/>
	<file from="DocGenUserScripts/EuropaQVT/source/lib/PureBFSDFSLibrary.qvtox" to="DocGenUserScripts/EuropaQVT/source/lib/PureBFSDFSLibrary.qvtox"/>
	<file from="DocGenUserScripts/EuropaQVT/source/lib/SysMLLibrary.qvto" to="DocGenUserScripts/EuropaQVT/source/lib/SysMLLibrary.qvto"/>
	<file from="DocGenUserScripts/EuropaQVT/source/lib/SysMLLibrary.qvtox" to="DocGenUserScripts/EuropaQVT/source/lib/SysMLLibrary.qvtox"/>
	<file from="DocGenUserScripts/EuropaQVT/source/lib/UMLLib.qvto" to="DocGenUserScripts/EuropaQVT/source/lib/UMLLib.qvto"/>
	<file from="DocGenUserScripts/EuropaQVT/source/lib/UMLLib.qvtox" to="DocGenUserScripts/EuropaQVT/source/lib/UMLLib.qvtox"/>
	<file from="DocGenUserScripts/EuropaQVT/source/lib/ValueSpecificationLibrary.qvto" to="DocGenUserScripts/EuropaQVT/source/lib/ValueSpecificationLibrary.qvto"/>
	<file from="DocGenUserScripts/EuropaQVT/source/lib/ValueSpecificationLibrary.qvtox" to="DocGenUserScripts/EuropaQVT/source/lib/ValueSpecificationLibrary.qvtox"/>
	<file from="DocGenUserScripts/EuropaQVT/source/ModelFactory/ApplyCharacterization.qvto" to="DocGenUserScripts/EuropaQVT/source/ModelFactory/ApplyCharacterization.qvto"/>
	<file from="DocGenUserScripts/EuropaQVT/source/ModelFactory/ApplyCharacterization.qvtox" to="DocGenUserScripts/EuropaQVT/source/ModelFactory/ApplyCharacterization.qvtox"/>
	<file from="DocGenUserScripts/EuropaQVT/source/ModelFactory/ApplyDeployment.qvto" to="DocGenUserScripts/EuropaQVT/source/ModelFactory/ApplyDeployment.qvto"/>
	<file from="DocGenUserScripts/EuropaQVT/source/ModelFactory/ApplyDeployment.qvtox" to="DocGenUserScripts/EuropaQVT/source/ModelFactory/ApplyDeployment.qvtox"/>
	<file from="DocGenUserScripts/EuropaQVT/source/ModelFactory/CreateRollUpInstancesClean.qvto" to="DocGenUserScripts/EuropaQVT/source/ModelFactory/CreateRollUpInstancesClean.qvto"/>
	<file from="DocGenUserScripts/EuropaQVT/source/ModelFactory/CreateRollUpInstancesClean.qvtox" to="DocGenUserScripts/EuropaQVT/source/ModelFactory/CreateRollUpInstancesClean.qvtox"/>
	<file from="DocGenUserScripts/EuropaQVT/source/ModelFactory/CSVToInstanceSpec.qvto" to="DocGenUserScripts/EuropaQVT/source/ModelFactory/CSVToInstanceSpec.qvto"/>
	<file from="DocGenUserScripts/EuropaQVT/source/ModelFactory/CSVToInstanceSpec.qvtox" to="DocGenUserScripts/EuropaQVT/source/ModelFactory/CSVToInstanceSpec.qvtox"/>
	<file from="DocGenUserScripts/EuropaQVT/source/ModelFactory/InstanceSpecToDeployment.qvto" to="DocGenUserScripts/EuropaQVT/source/ModelFactory/InstanceSpecToDeployment.qvto"/>
	<file from="DocGenUserScripts/EuropaQVT/source/ModelFactory/InstanceSpecToDeployment.qvtox" to="DocGenUserScripts/EuropaQVT/source/ModelFactory/InstanceSpecToDeployment.qvtox"/>
	<file from="DocGenUserScripts/EuropaQVT/source/ModelFactory/InstanceSpecToDeploymentMapping.qvto" to="DocGenUserScripts/EuropaQVT/source/ModelFactory/InstanceSpecToDeploymentMapping.qvto"/>
	<file from="DocGenUserScripts/EuropaQVT/source/ModelFactory/InstanceSpecToDeploymentMapping.qvtox" to="DocGenUserScripts/EuropaQVT/source/ModelFactory/InstanceSpecToDeploymentMapping.qvtox"/>
	<file from="DocGenUserScripts/EuropaQVT/source/ModelFactory/InstanceSpecToUseCase.qvto" to="DocGenUserScripts/EuropaQVT/source/ModelFactory/InstanceSpecToUseCase.qvto"/>
	<file from="DocGenUserScripts/EuropaQVT/source/ModelFactory/InstanceSpecToUseCase.qvtox" to="DocGenUserScripts/EuropaQVT/source/ModelFactory/InstanceSpecToUseCase.qvtox"/>
	<file from="DocGenUserScripts/EuropaQVT/source/ModelFactory/InstanceSpecToWBS.qvto" to="DocGenUserScripts/EuropaQVT/source/ModelFactory/InstanceSpecToWBS.qvto"/>
	<file from="DocGenUserScripts/EuropaQVT/source/ModelFactory/InstanceSpecToWBS.qvtox" to="DocGenUserScripts/EuropaQVT/source/ModelFactory/InstanceSpecToWBS.qvtox"/>
	<file from="DocGenUserScripts/EuropaQVT/source/ModelFactory/RequirementsImport.qvto" to="DocGenUserScripts/EuropaQVT/source/ModelFactory/RequirementsImport.qvto"/>
	<file from="DocGenUserScripts/EuropaQVT/source/ModelFactory/WBSComponentMapping.qvto" to="DocGenUserScripts/EuropaQVT/source/ModelFactory/WBSComponentMapping.qvto"/>
	<file from="DocGenUserScripts/EuropaQVT/source/ModelFactory/WBSComponentMapping.qvtox" to="DocGenUserScripts/EuropaQVT/source/ModelFactory/WBSComponentMapping.qvtox"/>
	<file from="DocGenUserScripts/EuropaQVT/source/RequirementsAudit/ConceptRequirementsSimpleAudit.qvto" to="DocGenUserScripts/EuropaQVT/source/RequirementsAudit/ConceptRequirementsSimpleAudit.qvto"/>
	<file from="DocGenUserScripts/EuropaQVT/source/RequirementsAudit/ConceptRequirementsSimpleAudit.qvtox" to="DocGenUserScripts/EuropaQVT/source/RequirementsAudit/ConceptRequirementsSimpleAudit.qvtox"/>
	<file from="DocGenUserScripts/EuropaQVT/source/RequirementsAudit/ConceptRequirementsSimpleCounter.qvto" to="DocGenUserScripts/EuropaQVT/source/RequirementsAudit/ConceptRequirementsSimpleCounter.qvto"/>
	<file from="DocGenUserScripts/EuropaQVT/source/RequirementsAudit/ConceptRequirementsSimpleCounter.qvtox" to="DocGenUserScripts/EuropaQVT/source/RequirementsAudit/ConceptRequirementsSimpleCounter.qvtox"/>
	<file from="DocGenUserScripts/EuropaQVT/source/RequirementsAudit/MissingLinks.qvto" to="DocGenUserScripts/EuropaQVT/source/RequirementsAudit/MissingLinks.qvto"/>
	<file from="DocGenUserScripts/EuropaQVT/source/RequirementsAudit/MissingLinks.qvtox" to="DocGenUserScripts/EuropaQVT/source/RequirementsAudit/MissingLinks.qvtox"/>
	<file from="DocGenUserScripts/EuropaQVT/source/RequirementsAudit/PackageSimpleCounter.qvto" to="DocGenUserScripts/EuropaQVT/source/RequirementsAudit/PackageSimpleCounter.qvto"/>
	<file from="DocGenUserScripts/EuropaQVT/source/RequirementsAudit/PackageSimpleCounter.qvtox" to="DocGenUserScripts/EuropaQVT/source/RequirementsAudit/PackageSimpleCounter.qvtox"/>
	<file from="DocGenUserScripts/EuropaQVT/source/RequirementsAudit/RequirementConcernChecker.qvto" to="DocGenUserScripts/EuropaQVT/source/RequirementsAudit/RequirementConcernChecker.qvto"/>
	<file from="DocGenUserScripts/EuropaQVT/source/RequirementsAudit/RequirementConcernChecker.qvtox" to="DocGenUserScripts/EuropaQVT/source/RequirementsAudit/RequirementConcernChecker.qvtox"/>
	<file from="DocGenUserScripts/EuropaQVT/source/RequirementsAudit/SpecifiesSimpleAudit.qvto" to="DocGenUserScripts/EuropaQVT/source/RequirementsAudit/SpecifiesSimpleAudit.qvto"/>
	<file from="DocGenUserScripts/EuropaQVT/source/RequirementsAudit/SpecifiesSimpleAudit.qvtox" to="DocGenUserScripts/EuropaQVT/source/RequirementsAudit/SpecifiesSimpleAudit.qvtox"/>
	<file from="DocGenUserScripts/EuropaQVT/source/RequirementsAudit/SpecifiesSimpleCount.qvto" to="DocGenUserScripts/EuropaQVT/source/RequirementsAudit/SpecifiesSimpleCount.qvto"/>
	<file from="DocGenUserScripts/EuropaQVT/source/RequirementsAudit/SpecifiesSimpleCount.qvtox" to="DocGenUserScripts/EuropaQVT/source/RequirementsAudit/SpecifiesSimpleCount.qvtox"/>
	<file from="DocGenUserScripts/EuropaQVT/source/RequirementsAudit/TBXSimpleAudit.qvto" to="DocGenUserScripts/EuropaQVT/source/RequirementsAudit/TBXSimpleAudit.qvto"/>
	<file from="DocGenUserScripts/EuropaQVT/source/RequirementsAudit/TBXSimpleAudit.qvtox" to="DocGenUserScripts/EuropaQVT/source/RequirementsAudit/TBXSimpleAudit.qvtox"/>
	<file from="DocGenUserScripts/EuropaQVT/source/RequirementsAudit/TBXSimpleCounter.qvto" to="DocGenUserScripts/EuropaQVT/source/RequirementsAudit/TBXSimpleCounter.qvto"/>
	<file from="DocGenUserScripts/EuropaQVT/source/RequirementsAudit/TBXSimpleCounter.qvtox" to="DocGenUserScripts/EuropaQVT/source/RequirementsAudit/TBXSimpleCounter.qvtox"/>
	<file from="DocGenUserScripts/EuropaQVT/source/RequirementsAudit/TextAuditBadWords.qvto" to="DocGenUserScripts/EuropaQVT/source/RequirementsAudit/TextAuditBadWords.qvto"/>
	<file from="DocGenUserScripts/EuropaQVT/source/RequirementsAudit/TextAuditCounter.qvto" to="DocGenUserScripts/EuropaQVT/source/RequirementsAudit/TextAuditCounter.qvto"/>
	<file from="DocGenUserScripts/EuropaQVT/source/RequirementsAudit/TextAuditCounter.qvtox" to="DocGenUserScripts/EuropaQVT/source/RequirementsAudit/TextAuditCounter.qvtox"/>
	<file from="DocGenUserScripts/EuropaQVT/source/RequirementsAudit/TextAuditMethod.qvto" to="DocGenUserScripts/EuropaQVT/source/RequirementsAudit/TextAuditMethod.qvto"/>
	<file from="DocGenUserScripts/EuropaQVT/source/RequirementsAudit/TextAuditMethod.qvtox" to="DocGenUserScripts/EuropaQVT/source/RequirementsAudit/TextAuditMethod.qvtox"/>
	<file from="DocGenUserScripts/EuropaQVT/source/RequirementsAudit/TrainingScript.qvto" to="DocGenUserScripts/EuropaQVT/source/RequirementsAudit/TrainingScript.qvto"/>
	<file from="DocGenUserScripts/EuropaQVT/source/RequirementsAudit/TrainingScript.qvtox" to="DocGenUserScripts/EuropaQVT/source/RequirementsAudit/TrainingScript.qvtox"/>
	<file from="DocGenUserScripts/FrameworkImplValidation/__init__.py" to="DocGenUserScripts/FrameworkImplValidation/__init__.py"/>
	<file from="DocGenUserScripts/FrameworkImplValidation/ArchitectureEvaluation.py" to="DocGenUserScripts/FrameworkImplValidation/ArchitectureEvaluation.py"/>
	<file from="DocGenUserScripts/FrameworkImplValidation/FixPackage.py" to="DocGenUserScripts/FrameworkImplValidation/FixPackage.py"/>
	<file from="DocGenUserScripts/FrameworkImplValidation/FixTimeline.py" to="DocGenUserScripts/FrameworkImplValidation/FixTimeline.py"/>
	<file from="DocGenUserScripts/FrameworkImplValidation/FrameworkImplValidationFixPackage.py" to="DocGenUserScripts/FrameworkImplValidation/FrameworkImplValidationFixPackage.py"/>
	<file from="DocGenUserScripts/FrameworkImplValidation/OrphanFinal.py" to="DocGenUserScripts/FrameworkImplValidation/OrphanFinal.py"/>
	<file from="DocGenUserScripts/FrameworkImplValidation/OrphanFixer.py" to="DocGenUserScripts/FrameworkImplValidation/OrphanFixer.py"/>
	<file from="DocGenUserScripts/FrameworkImplValidation/PackageClone.py" to="DocGenUserScripts/FrameworkImplValidation/PackageClone.py"/>
	<file from="DocGenUserScripts/FrameworkImplValidation/RunPackageClone.py" to="DocGenUserScripts/FrameworkImplValidation/RunPackageClone.py"/>
	<file from="DocGenUserScripts/FrameworkImplValidation/ValidateFlowPorts.py" to="DocGenUserScripts/FrameworkImplValidation/ValidateFlowPorts.py"/>
	<file from="DocGenUserScripts/FrameworkImplValidation/ValidatePackage.py" to="DocGenUserScripts/FrameworkImplValidation/ValidatePackage.py"/>
	<file from="DocGenUserScripts/FrameworkImplValidation/ValidateTimeline.py" to="DocGenUserScripts/FrameworkImplValidation/ValidateTimeline.py"/>
	<file from="DocGenUserScripts/FrameworkValidation/__init__.py" to="DocGenUserScripts/FrameworkValidation/__init__.py"/>
	<file from="DocGenUserScripts/FrameworkValidation/CreateCustomizationsForStereotypes.py" to="DocGenUserScripts/FrameworkValidation/CreateCustomizationsForStereotypes.py"/>
	<file from="DocGenUserScripts/FrameworkValidation/DeprecateStereotypes.py" to="DocGenUserScripts/FrameworkValidation/DeprecateStereotypes.py"/>
	<file from="DocGenUserScripts/FrameworkValidation/Profile.py" to="DocGenUserScripts/FrameworkValidation/Profile.py"/>
	<file from="DocGenUserScripts/FrameworkValidation/ProfileUpdate.py" to="DocGenUserScripts/FrameworkValidation/ProfileUpdate.py"/>
	<file from="DocGenUserScripts/FrameworkValidation/ProfileValidation.py" to="DocGenUserScripts/FrameworkValidation/ProfileValidation.py"/>
	<file from="DocGenUserScripts/MDUtils/__init__.py" to="DocGenUserScripts/MDUtils/__init__.py"/>
	<file from="DocGenUserScripts/MDUtils/_MDUtils.py" to="DocGenUserScripts/MDUtils/_MDUtils.py"/>
	<file from="DocGenUserScripts/Sanitizer/__init__.py" to="DocGenUserScripts/Sanitizer/__init__.py"/>
	<file from="DocGenUserScripts/Sanitizer/Clean.py" to="DocGenUserScripts/Sanitizer/Clean.py"/>
	<file from="DocGenUserScripts/simplejson/__init__.py" to="DocGenUserScripts/simplejson/__init__.py"/>
	<file from="DocGenUserScripts/simplejson/compat.py" to="DocGenUserScripts/simplejson/compat.py"/>
	<file from="DocGenUserScripts/simplejson/decoder.py" to="DocGenUserScripts/simplejson/decoder.py"/>
	<file from="DocGenUserScripts/simplejson/encoder.py" to="DocGenUserScripts/simplejson/encoder.py"/>
	<file from="DocGenUserScripts/simplejson/ordered_dict.py" to="DocGenUserScripts/simplejson/ordered_dict.py"/>
	<file from="DocGenUserScripts/simplejson/scanner.py" to="DocGenUserScripts/simplejson/scanner.py"/>
	<file from="DocGenUserScripts/simplejson/tool.py" to="DocGenUserScripts/simplejson/tool.py"/>
	<file from="DocGenUserScripts/SystemsReasoner/__init__.py" to="DocGenUserScripts/SystemsReasoner/__init__.py"/>
	<file from="DocGenUserScripts/SystemsReasoner/BST.py" to="DocGenUserScripts/SystemsReasoner/BST.py"/>
	<file from="DocGenUserScripts/SystemsReasoner/DeSpecialize.py" to="DocGenUserScripts/SystemsReasoner/DeSpecialize.py"/>
	<file from="DocGenUserScripts/SystemsReasoner/Specialize.py" to="DocGenUserScripts/SystemsReasoner/Specialize.py"/>
	<file from="DocGenUserScripts/SystemsReasoner/SRUtils.py" to="DocGenUserScripts/SystemsReasoner/SRUtils.py"/>
	<file from="DocGenUserScripts/SystemsReasoner/Validate_Profile.py" to="DocGenUserScripts/SystemsReasoner/Validate_Profile.py"/>
	<file from="DocGenUserScripts/SystemsReasoner/ValidateStructure.py" to="DocGenUserScripts/SystemsReasoner/ValidateStructure.py"/>
	<file from="DocGenUserScripts/Test/allentest.py" to="DocGenUserScripts/Test/allentest.py"/>
	<file from="DocGenUserScripts/Test/CF.py" to="DocGenUserScripts/Test/CF.py"/>
	<file from="DocGenUserScripts/Test/DocGenTest.py" to="DocGenUserScripts/Test/DocGenTest.py"/>
	<file from="DocGenUserScripts/Test/DocGenTest2.groovy" to="DocGenUserScripts/Test/DocGenTest2.groovy"/>
	<file from="DocGenUserScripts/Test/MakeParagraph.py" to="DocGenUserScripts/Test/MakeParagraph.py"/>
	<file from="DocGenUserScripts/Test/messaging.py" to="DocGenUserScripts/Test/messaging.py"/>
	<file from="DocGenUserScripts/Test/qvttest.qvto" to="DocGenUserScripts/Test/qvttest.qvto"/>
	<file from="DocGenUserScripts/Test/qvttest.qvtox" to="DocGenUserScripts/Test/qvttest.qvtox"/>
	<file from="DocGenUserScripts/Test/qvtvalidationtest.qvto" to="DocGenUserScripts/Test/qvtvalidationtest.qvto"/>
	<file from="DocGenUserScripts/Test/qvtvalidationtest.qvtox" to="DocGenUserScripts/Test/qvtvalidationtest.qvtox"/>
	<file from="DocGenUserScripts/Test/TestTable.py" to="DocGenUserScripts/Test/TestTable.py"/>
	<file from="DocGenUserScripts/Test/TestTable2.py" to="DocGenUserScripts/Test/TestTable2.py"/>
	<file from="DocGenUserScripts/Test/TestTable3.py" to="DocGenUserScripts/Test/TestTable3.py"/>
	<file from="DocGenUserScripts/Test/ValidationTest.py" to="DocGenUserScripts/Test/ValidationTest.py"/>
	<file from="DocGenUserScripts/Validation/VerificationRules.qvto" to="DocGenUserScripts/Validation/VerificationRules.qvto"/>
	<file from="DocGenUserScripts/Validation/VerificationRules.qvtox" to="DocGenUserScripts/Validation/VerificationRules.qvtox"/>
	<file from="DocGenUserScripts/Validation/lib/ConnectedComponentLibrary.qvto" to="DocGenUserScripts/Validation/lib/ConnectedComponentLibrary.qvto"/>
	<file from="DocGenUserScripts/Validation/lib/ConnectedComponentLibrary.qvtox" to="DocGenUserScripts/Validation/lib/ConnectedComponentLibrary.qvtox"/>
	<file from="DocGenUserScripts/Validation/lib/CoreLibMD.qvto" to="DocGenUserScripts/Validation/lib/CoreLibMD.qvto"/>
	<file from="DocGenUserScripts/Validation/lib/CoreLibMD.qvtox" to="DocGenUserScripts/Validation/lib/CoreLibMD.qvtox"/>
	<file from="DocGenUserScripts/Validation/lib/DefaultValueAndSlotsLibrary.qvto" to="DocGenUserScripts/Validation/lib/DefaultValueAndSlotsLibrary.qvto"/>
	<file from="DocGenUserScripts/Validation/lib/DefaultValueAndSlotsLibrary.qvtox" to="DocGenUserScripts/Validation/lib/DefaultValueAndSlotsLibrary.qvtox"/>
	<file from="DocGenUserScripts/Validation/lib/DirectedAssociationLib.qvto" to="DocGenUserScripts/Validation/lib/DirectedAssociationLib.qvto"/>
	<file from="DocGenUserScripts/Validation/lib/DirectedAssociationLib.qvtox" to="DocGenUserScripts/Validation/lib/DirectedAssociationLib.qvtox"/>
	<file from="DocGenUserScripts/Validation/lib/EHMLib.qvto" to="DocGenUserScripts/Validation/lib/EHMLib.qvto"/>
	<file from="DocGenUserScripts/Validation/lib/EHMLib.qvtox" to="DocGenUserScripts/Validation/lib/EHMLib.qvtox"/>
	<file from="DocGenUserScripts/Validation/lib/GraphLib.qvto" to="DocGenUserScripts/Validation/lib/GraphLib.qvto"/>
	<file from="DocGenUserScripts/Validation/lib/GraphLib.qvtox" to="DocGenUserScripts/Validation/lib/GraphLib.qvtox"/>
	<file from="DocGenUserScripts/Validation/lib/lib_relationships.qvto" to="DocGenUserScripts/Validation/lib/lib_relationships.qvto"/>
	<file from="DocGenUserScripts/Validation/lib/lib_relationships.qvtox" to="DocGenUserScripts/Validation/lib/lib_relationships.qvtox"/>
	<file from="DocGenUserScripts/Validation/lib/lib_requirements.qvto" to="DocGenUserScripts/Validation/lib/lib_requirements.qvto"/>
	<file from="DocGenUserScripts/Validation/lib/lib_requirements.qvtox" to="DocGenUserScripts/Validation/lib/lib_requirements.qvtox"/>
	<file from="DocGenUserScripts/Validation/lib/lib_stereotypes.qvto" to="DocGenUserScripts/Validation/lib/lib_stereotypes.qvto"/>
	<file from="DocGenUserScripts/Validation/lib/lib_stereotypes.qvtox" to="DocGenUserScripts/Validation/lib/lib_stereotypes.qvtox"/>
	<file from="DocGenUserScripts/Validation/lib/LiteralSpecificationLibrary.qvto" to="DocGenUserScripts/Validation/lib/LiteralSpecificationLibrary.qvto"/>
	<file from="DocGenUserScripts/Validation/lib/LiteralSpecificationLibrary.qvtox" to="DocGenUserScripts/Validation/lib/LiteralSpecificationLibrary.qvtox"/>
	<file from="DocGenUserScripts/Validation/lib/ProfileLib.qvto" to="DocGenUserScripts/Validation/lib/ProfileLib.qvto"/>
	<file from="DocGenUserScripts/Validation/lib/ProfileLib.qvtox" to="DocGenUserScripts/Validation/lib/ProfileLib.qvtox"/>
	<file from="DocGenUserScripts/Validation/lib/ProfileLibrary.qvto" to="DocGenUserScripts/Validation/lib/ProfileLibrary.qvto"/>
	<file from="DocGenUserScripts/Validation/lib/ProfileLibrary.qvtox" to="DocGenUserScripts/Validation/lib/ProfileLibrary.qvtox"/>
	<file from="DocGenUserScripts/Validation/lib/PureBFSDFSLibrary.qvto" to="DocGenUserScripts/Validation/lib/PureBFSDFSLibrary.qvto"/>
	<file from="DocGenUserScripts/Validation/lib/PureBFSDFSLibrary.qvtox" to="DocGenUserScripts/Validation/lib/PureBFSDFSLibrary.qvtox"/>
	<file from="DocGenUserScripts/Validation/lib/SysMLLibrary.qvto" to="DocGenUserScripts/Validation/lib/SysMLLibrary.qvto"/>
	<file from="DocGenUserScripts/Validation/lib/SysMLLibrary.qvtox" to="DocGenUserScripts/Validation/lib/SysMLLibrary.qvtox"/>
	<file from="DocGenUserScripts/Validation/lib/UMLLib.qvto" to="DocGenUserScripts/Validation/lib/UMLLib.qvto"/>
	<file from="DocGenUserScripts/Validation/lib/UMLLib.qvtox" to="DocGenUserScripts/Validation/lib/UMLLib.qvtox"/>
	<file from="DocGenUserScripts/Validation/lib/ValueSpecificationLibrary.qvto" to="DocGenUserScripts/Validation/lib/ValueSpecificationLibrary.qvto"/>
	<file from="DocGenUserScripts/Validation/lib/ValueSpecificationLibrary.qvtox" to="DocGenUserScripts/Validation/lib/ValueSpecificationLibrary.qvtox"/>
	<file from="plugins/com.nomagic.magicdraw.jpython/scripts/SystemsReasoner/AnalyzeProduct.py" to="plugins/com.nomagic.magicdraw.jpython/scripts/SystemsReasoner/AnalyzeProduct.py"/>
	<file from="plugins/com.nomagic.magicdraw.jpython/scripts/SystemsReasoner/Clean.py" to="plugins/com.nomagic.magicdraw.jpython/scripts/SystemsReasoner/Clean.py"/>
	<file from="plugins/com.nomagic.magicdraw.jpython/scripts/SystemsReasoner/configuration.py" to="plugins/com.nomagic.magicdraw.jpython/scripts/SystemsReasoner/configuration.py"/>
	<file from="plugins/com.nomagic.magicdraw.jpython/scripts/SystemsReasoner/Create_Instances.py" to="plugins/com.nomagic.magicdraw.jpython/scripts/SystemsReasoner/Create_Instances.py"/>
	<file from="plugins/com.nomagic.magicdraw.jpython/scripts/SystemsReasoner/CreateFlowPorts.py" to="plugins/com.nomagic.magicdraw.jpython/scripts/SystemsReasoner/CreateFlowPorts.py"/>
	<file from="plugins/com.nomagic.magicdraw.jpython/scripts/SystemsReasoner/DeSpecialize.py" to="plugins/com.nomagic.magicdraw.jpython/scripts/SystemsReasoner/DeSpecialize.py"/>
	<file from="plugins/com.nomagic.magicdraw.jpython/scripts/SystemsReasoner/Detect_Compositional_Cycles.py" to="plugins/com.nomagic.magicdraw.jpython/scripts/SystemsReasoner/Detect_Compositional_Cycles.py"/>
	<file from="plugins/com.nomagic.magicdraw.jpython/scripts/SystemsReasoner/EHMChangeToPort.py" to="plugins/com.nomagic.magicdraw.jpython/scripts/SystemsReasoner/EHMChangeToPort.py"/>
	<file from="plugins/com.nomagic.magicdraw.jpython/scripts/SystemsReasoner/EHMMovePart.py" to="plugins/com.nomagic.magicdraw.jpython/scripts/SystemsReasoner/EHMMovePart.py"/>
	<file from="plugins/com.nomagic.magicdraw.jpython/scripts/SystemsReasoner/EHMSupplies.py" to="plugins/com.nomagic.magicdraw.jpython/scripts/SystemsReasoner/EHMSupplies.py"/>
	<file from="plugins/com.nomagic.magicdraw.jpython/scripts/SystemsReasoner/Graph.py" to="plugins/com.nomagic.magicdraw.jpython/scripts/SystemsReasoner/Graph.py"/>
	<file from="plugins/com.nomagic.magicdraw.jpython/scripts/SystemsReasoner/Make_Copy.py" to="plugins/com.nomagic.magicdraw.jpython/scripts/SystemsReasoner/Make_Copy.py"/>
	<file from="plugins/com.nomagic.magicdraw.jpython/scripts/SystemsReasoner/NameParts.py" to="plugins/com.nomagic.magicdraw.jpython/scripts/SystemsReasoner/NameParts.py"/>
	<file from="plugins/com.nomagic.magicdraw.jpython/scripts/SystemsReasoner/OrphanFinal.py" to="plugins/com.nomagic.magicdraw.jpython/scripts/SystemsReasoner/OrphanFinal.py"/>
	<file from="plugins/com.nomagic.magicdraw.jpython/scripts/SystemsReasoner/OrphanFixer.py" to="plugins/com.nomagic.magicdraw.jpython/scripts/SystemsReasoner/OrphanFixer.py"/>
	<file from="plugins/com.nomagic.magicdraw.jpython/scripts/SystemsReasoner/Package_Clone.py" to="plugins/com.nomagic.magicdraw.jpython/scripts/SystemsReasoner/Package_Clone.py"/>
	<file from="plugins/com.nomagic.magicdraw.jpython/scripts/SystemsReasoner/script.xml" to="plugins/com.nomagic.magicdraw.jpython/scripts/SystemsReasoner/script.xml"/>
	<file from="plugins/com.nomagic.magicdraw.jpython/scripts/SystemsReasoner/Specialize.py" to="plugins/com.nomagic.magicdraw.jpython/scripts/SystemsReasoner/Specialize.py"/>
	<file from="plugins/com.nomagic.magicdraw.jpython/scripts/SystemsReasoner/Specialize_Many.py" to="plugins/com.nomagic.magicdraw.jpython/scripts/SystemsReasoner/Specialize_Many.py"/>
	<file from="plugins/com.nomagic.magicdraw.jpython/scripts/SystemsReasoner/SRUtils.py" to="plugins/com.nomagic.magicdraw.jpython/scripts/SystemsReasoner/SRUtils.py"/>
	<file from="plugins/com.nomagic.magicdraw.jpython/scripts/SystemsReasoner/Sync_Slot_Values.py" to="plugins/com.nomagic.magicdraw.jpython/scripts/SystemsReasoner/Sync_Slot_Values.py"/>
	<file from="plugins/com.nomagic.magicdraw.jpython/scripts/SystemsReasoner/Validate_Profile.py" to="plugins/com.nomagic.magicdraw.jpython/scripts/SystemsReasoner/Validate_Profile.py"/>
	<file from="plugins/com.nomagic.magicdraw.jpython/scripts/SystemsReasoner/Validate_Structure.py" to="plugins/com.nomagic.magicdraw.jpython/scripts/SystemsReasoner/Validate_Structure.py"/>
	<file from="plugins/com.nomagic.magicdraw.jpython/scripts/SystemsReasoner/MDUtils/__init__.py" to="plugins/com.nomagic.magicdraw.jpython/scripts/SystemsReasoner/MDUtils/__init__.py"/>
	<file from="plugins/com.nomagic.magicdraw.jpython/scripts/SystemsReasoner/MDUtils/_MDUtils.py" to="plugins/com.nomagic.magicdraw.jpython/scripts/SystemsReasoner/MDUtils/_MDUtils.py"/>
	<file from="plugins/com.nomagic.magicdraw.jpython/scripts/SystemsReasoner/refactor/Fix_Package.py" to="plugins/com.nomagic.magicdraw.jpython/scripts/SystemsReasoner/refactor/Fix_Package.py"/>
	<file from="plugins/com.nomagic.magicdraw.jpython/scripts/SystemsReasoner/refactor/Fix_Timeline.py" to="plugins/com.nomagic.magicdraw.jpython/scripts/SystemsReasoner/refactor/Fix_Timeline.py"/>
	<file from="plugins/com.nomagic.magicdraw.jpython/scripts/SystemsReasoner/refactor/FixOpsrevPackage.py" to="plugins/com.nomagic.magicdraw.jpython/scripts/SystemsReasoner/refactor/FixOpsrevPackage.py"/>
	<file from="plugins/com.nomagic.magicdraw.jpython/scripts/SystemsReasoner/refactor/ValidatePackage.py" to="plugins/com.nomagic.magicdraw.jpython/scripts/SystemsReasoner/refactor/ValidatePackage.py"/>
	<file from="plugins/com.nomagic.magicdraw.jpython/scripts/SystemsReasoner/refactor/ValidateTimeline.py" to="plugins/com.nomagic.magicdraw.jpython/scripts/SystemsReasoner/refactor/ValidateTimeline.py"/>
	<file from="plugins/gov.nasa.jpl.mbee.docgen/DocGen-plugin.jar" to="plugins/gov.nasa.jpl.mbee.docgen/DocGen-plugin.jar"/>
	<file from="plugins/gov.nasa.jpl.mbee.docgen/plugin.xml" to="plugins/gov.nasa.jpl.mbee.docgen/plugin.xml"/>
	<file from="plugins/gov.nasa.jpl.mbee.docgen/lib/commons-lang-2.6.jar" to="plugins/gov.nasa.jpl.mbee.docgen/lib/commons-lang-2.6.jar"/>
	<file from="plugins/gov.nasa.jpl.mbee.docgen/lib/ecj-3.7.2.jar" to="plugins/gov.nasa.jpl.mbee.docgen/lib/ecj-3.7.2.jar"/>
	<file from="plugins/gov.nasa.jpl.mbee.docgen/lib/jgrapht-0.8.3-jdk1.6.jar" to="plugins/gov.nasa.jpl.mbee.docgen/lib/jgrapht-0.8.3-jdk1.6.jar"/>
	<file from="plugins/gov.nasa.jpl.mbee.docgen/lib/json_simple-1.1.jar" to="plugins/gov.nasa.jpl.mbee.docgen/lib/json_simple-1.1.jar"/>
	<file from="plugins/gov.nasa.jpl.mbee.docgen/lib/jsoup-1.6.1.jar" to="plugins/gov.nasa.jpl.mbee.docgen/lib/jsoup-1.6.1.jar"/>
	<file from="plugins/gov.nasa.jpl.mbee.docgen/lib/opencsv-2.3.jar" to="plugins/gov.nasa.jpl.mbee.docgen/lib/opencsv-2.3.jar"/>
	<file from="plugins/gov.nasa.jpl.mbee.docgen/lib/slf4j-api-1.7.2.jar" to="plugins/gov.nasa.jpl.mbee.docgen/lib/slf4j-api-1.7.2.jar"/>
	<file from="plugins/gov.nasa.jpl.mbee.docgen/lib/slf4j-log4j12-1.7.2.jar" to="plugins/gov.nasa.jpl.mbee.docgen/lib/slf4j-log4j12-1.7.2.jar"/>
	<file from="plugins/gov.nasa.jpl.mbee.docgen/lib/swingx-all-1.6.4-sources.jar" to="plugins/gov.nasa.jpl.mbee.docgen/lib/swingx-all-1.6.4-sources.jar"/>
	<file from="plugins/gov.nasa.jpl.mbee.docgen/lib/swingx-all-1.6.4.jar" to="plugins/gov.nasa.jpl.mbee.docgen/lib/swingx-all-1.6.4.jar"/>
	<file from="plugins/gov.nasa.jpl.mbee.docgen/lib/swingx-beaninfo-1.6.4-sources.jar" to="plugins/gov.nasa.jpl.mbee.docgen/lib/swingx-beaninfo-1.6.4-sources.jar"/>
	<file from="plugins/gov.nasa.jpl.mbee.docgen/lib/swingx-beaninfo-1.6.4.jar" to="plugins/gov.nasa.jpl.mbee.docgen/lib/swingx-beaninfo-1.6.4.jar"/>
	<file from="plugins/gov.nasa.jpl.mbee.docgen/lib/tomcat-embed-core-7.0.16.jar" to="plugins/gov.nasa.jpl.mbee.docgen/lib/tomcat-embed-core-7.0.16.jar"/>
	<file from="plugins/gov.nasa.jpl.mbee.docgen/lib/tomcat-embed-jasper.jar" to="plugins/gov.nasa.jpl.mbee.docgen/lib/tomcat-embed-jasper.jar"/>
	<file from="plugins/gov.nasa.jpl.mbee.docgen/lib/tomcat-embed-logging-juli-7.0.37.jar" to="plugins/gov.nasa.jpl.mbee.docgen/lib/tomcat-embed-logging-juli-7.0.37.jar"/>
	<file from="profiles/MDK/SysML Extensions.mdxml" to="profiles/MDK/SysML Extensions.mdxml"/>

  </installation>
</resourceDescriptor>
