<?xml version="1.0" encoding="UTF-8" standalone="yes"?>
<diagram abbreviation="MM" baseType="Class Diagram" category="MDK" type="Module Management" version="7">
    <toolbarConfiguration>
        <baseCategory expandedByDefault="true" id="COMMON_ELEMENTS_STATIC" parentCategoryID="COMMON_ELEMENTS_STATIC"/>
        <category expandedByDefault="true" id="action_category_1363815710599_727834_1" name="Module Management">
            <actions>
                <custom description="Class«SVN»" id="IDaction_1363815811433_513026_0" listAsElement="false" type="com.nomagic.uml2.ext.magicdraw.classes.mdkernel.Class">
                    <stereotype id="_17_0_2_2_8c20286_1363654536800_349010_37172"/>
                    <defaults>
                        <PropertyVisitorAcceptor xmlns:xmi="http://www.omg.org/spec/XMI/20110701">
                            <mdElement elementClass="PropertyManager">
                                <propertyManagerID>_17_0_2_2_8c20286_1363889204742_829595_37939</propertyManagerID>
                            </mdElement>
                        </PropertyVisitorAcceptor>
                    </defaults>
                </custom>
                <custom description="Class«Teamwork»" id="IDaction_1363815849908_575150_0" listAsElement="false" type="com.nomagic.uml2.ext.magicdraw.classes.mdkernel.Class">
                    <stereotype id="_17_0_2_2_8c20286_1363654536782_419229_37129"/>
                    <defaults>
                        <PropertyVisitorAcceptor xmlns:xmi="http://www.omg.org/spec/XMI/20110701">
                            <mdElement elementClass="PropertyManager">
                                <propertyManagerID>_17_0_2_2_8c20286_1363889204742_324987_37940</propertyManagerID>
                            </mdElement>
                        </PropertyVisitorAcceptor>
                    </defaults>
                </custom>
                <custom description="Class«Local»" id="IDaction_1363815879711_244392_0" listAsElement="false" type="com.nomagic.uml2.ext.magicdraw.classes.mdkernel.Class">
                    <stereotype id="_17_0_2_2_8c20286_1363654536787_749138_37137"/>
                    <defaults>
                        <PropertyVisitorAcceptor xmlns:xmi="http://www.omg.org/spec/XMI/20110701">
                            <mdElement elementClass="PropertyManager">
                                <propertyManagerID>_17_0_2_2_8c20286_1363889204742_76983_37941</propertyManagerID>
                            </mdElement>
                        </PropertyVisitorAcceptor>
                    </defaults>
                </custom>
                <custom description="Class«Profile»" id="IDaction_1363815908993_733698_0" listAsElement="false" type="com.nomagic.uml2.ext.magicdraw.classes.mdkernel.Class">
                    <stereotype id="_17_0_2_2_8c20286_1363654536790_859464_37145"/>
                    <defaults>
                        <PropertyVisitorAcceptor xmlns:xmi="http://www.omg.org/spec/XMI/20110701">
                            <mdElement elementClass="PropertyManager">
                                <propertyManagerID>_17_0_2_2_8c20286_1363889204743_995012_37942</propertyManagerID>
                            </mdElement>
                        </PropertyVisitorAcceptor>
                    </defaults>
                </custom>
                <custom description="Class«Model»" id="IDaction_1363815946850_573213_0" listAsElement="false" type="com.nomagic.uml2.ext.magicdraw.classes.mdkernel.Class">
                    <stereotype id="_17_0_2_2_8c20286_1363654536789_490153_37141"/>
                    <defaults>
                        <PropertyVisitorAcceptor xmlns:xmi="http://www.omg.org/spec/XMI/20110701">
                            <mdElement elementClass="PropertyManager">
                                <propertyManagerID>_17_0_2_2_8c20286_1363889204743_131978_37943</propertyManagerID>
                            </mdElement>
                        </PropertyVisitorAcceptor>
                    </defaults>
                </custom>
                <custom description="Dependency«MountsModule»" id="IDaction_1363815984364_868909_0" listAsElement="false" type="com.nomagic.uml2.ext.magicdraw.classes.mddependencies.Dependency">
                    <stereotype id="_17_0_2_2_8c20286_1363654536785_738351_37133"/>
                    <defaults>
                        <PropertyVisitorAcceptor xmlns:xmi="http://www.omg.org/spec/XMI/20110701">
                            <mdElement elementClass="PropertyManager">
                                <propertyManagerID>_17_0_2_2_8c20286_1363889204743_19823_37944</propertyManagerID>
                            </mdElement>
                        </PropertyVisitorAcceptor>
                    </defaults>
                </custom>
                <custom description="Dependency«Not Mountable»" id="IDaction_1363816023875_598008_0" listAsElement="false" type="com.nomagic.uml2.ext.magicdraw.classes.mddependencies.Dependency">
                    <stereotype id="_17_0_2_2_8c20286_1363654536791_630030_37147"/>
                    <defaults>
                        <PropertyVisitorAcceptor xmlns:xmi="http://www.omg.org/spec/XMI/20110701">
                            <mdElement elementClass="PropertyManager">
                                <propertyManagerID>_17_0_2_2_8c20286_1363889204743_424691_37945</propertyManagerID>
                            </mdElement>
                        </PropertyVisitorAcceptor>
                    </defaults>
                </custom>
            </actions>
        </category>
    </toolbarConfiguration>
    <module location="/Users/efosse/Desktop/SSCAE-MD17.0.2-PackageU.1-build3-20130306/profiles/UML_Standard_Profile.mdzip" name="UML_Standard_Profile.mdzip">
        <root id="magicdraw_uml_standard_profile_v_0001"/>
    </module>
    <module location="/Users/efosse/Desktop/SSCAE-MD17.0.2-PackageU.1-build3-20130306/profiles/MDK/SysML Extensions.mdxml" name="SysML Extensions.mdxml">
        <root id="_17_0_1_2_8c20286_1339106640673_705487_19952"/>
    </module>
    <elementstyle name="Dependency">
        <PropertyVisitorAcceptor xmlns:xmi="http://www.omg.org/spec/XMI/20110701">
            <mdElement elementClass="PropertyManager">
                <propertyManagerID>_17_0_2_2_8c20286_1363889204741_197978_37938</propertyManagerID>
                <mdElement elementClass="NumberProperty">
                    <propertyID>LINE_WIDTH</propertyID>
                    <propertyDescriptionID>LINE_WIDTH_DESCRIPTION</propertyDescriptionID>
                    <value xmi:value="2.0"/>
                    <lowRange xmi:value="1.0"/>
                    <highRange xmi:value="100.0"/>
                </mdElement>
                <mdElement elementClass="FontProperty">
                    <propertyID>STEREOTYPE_FONT</propertyID>
                    <propertyDescriptionID>STEREOTYPE_FONT_DESCRIPTION</propertyDescriptionID>
                    <fontName>Arial</fontName>
                    <size xmi:value="16"/>
                    <style xmi:value="0"/>
                </mdElement>
            </mdElement>
        </PropertyVisitorAcceptor>
    </elementstyle>
    <manipulators>
        <stereotype id="_Teamwork_Stereotypes_TeamworkModule" name="TeamworkModule"/>
        <path action="ADD_NOTE_ANCHOR"/>
        <path action="IDaction_1363815984364_868909_0"/>
    </manipulators>
    <manipulators>
        <stereotype id="_17_0_2_1_8c20286_1352933987812_98826_11902" name="SVNProject"/>
        <path action="ADD_NOTE_ANCHOR"/>
        <path action="IDaction_1363815984364_868909_0"/>
    </manipulators>
    <manipulators>
        <stereotype id="_Teamwork_Stereotypes_LocalModule" name="LocalModule"/>
        <path action="ADD_NOTE_ANCHOR"/>
        <path action="IDaction_1363815984364_868909_0"/>
    </manipulators>
</diagram>

